scheme_id,scheme_code,scheme_name,scheme_type,provider,use_in_auto_match,key_benefit_inr,key_benefit_basis,cost_to_customer,cost_inr_per_year,interest_rate_pct,rate_valid_period,min_age,max_age,gender_required,required_account_type,excluded_account_type,required_occupation,excluded_income_band,requires_agri_land,requires_girl_child_under_10,requires_aadhaar_seeded,requires_mobile_linked,requires_auto_debit_consent,requires_full_kyc,requires_nominee,requires_rupay_card_activated,min_account_age_months,eligibility_text,exclusions_text,prerequisites_text,documents_required,how_to_enrol,suggested_segments,official_reference,verify_note,verified_on
SCH001,PMJDY,Pradhan Mantri Jan Dhan Yojana - Basic Savings Account,Account,Govt of India (DFS) via SBI,False,,"zero-balance account with RuPay card, accident cover, DBT access",Nil - no minimum balance requirement,0,,,10,,,,PMJDY,,,False,False,False,False,False,False,false,false,,Resident individual aged 10+ without an existing bank account; SBI FAQ also allows a separate PMJDY account to get the RuPay card with accident cover,,Acquisition product - customers already holding an account are not primary targets,Aadhaar Card|Photograph,SBI branch or Banking Mitra (BC) point,Un-banked / new-to-bank,https://sbi.bank.in/web/faq-s/faq-pradhan-mantri-jan-dhan-yojana-pmjdy,Kept in master for completeness; use_in_auto_match=false because every customer in the dataset already has an account,2026-10-05
SCH002,PMJDY-RUPAY,PMJDY RuPay Debit Card with Accident Insurance,Insurance,Govt of India (DFS) / NPCI RuPay via SBI,True,200000,"accidental death / permanent disability cover (Rs 1,00,000 if account opened before 28-Aug-2018)",Nil - bundled free with RuPay card,0,,,,,,PMJDY,,,,False,False,False,False,False,False,false,true,,PMJDY account holder holding a RuPay debit card,Cover is not payable unless the card was used in the 90 days before the accident,"Activate card and make >=1 successful transaction (ATM/Micro-ATM/POS/e-com, financial or non-financial) within every 90 days; dormant accounts must be reactivated first",Aadhaar Card,Card activation at SBI branch / BC point / ATM PIN generation,Dormant PMJDY; card issued but not activated,https://sbi.bank.in/web/faq-s/faq-pradhan-mantri-jan-dhan-yojana-pmjdy,Rs 1 lakh vs Rs 2 lakh depends on account opening date (28-Aug-2018 cut-off),2026-10-05
SCH003,PMJDY-OD,PMJDY Overdraft Facility (SBOD),Credit,Govt of India (DFS) via SBI,True,10000,overdraft limit,Interest only on amount drawn (rate per bank policy),,,,18,65,,PMJDY,,,,False,False,True,False,False,False,false,false,6,PMJDY account holder after 6 months of satisfactory account conduct; one account holder per household,Only one family member per household,Account must be actively operated (reactivate dormant/inoperative accounts first),Aadhaar Card|Photograph,Request at SBI branch / Banking Mitra,Active PMJDY (low-activity) accounts after reactivation,https://sbi.bank.in/web/faq-s/faq-pradhan-mantri-jan-dhan-yojana-pmjdy,6-month rule and one-per-household confirmed on SBI FAQ; age cap 65 and Aadhaar-seeding condition are from PMJDY guidelines - confirm with SBI before final rules,2026-10-05
SCH004,PMJJBY,Pradhan Mantri Jeevan Jyoti Bima Yojana,Insurance,Govt of India (DFS) via SBI; insurer SBI Life,True,200000,life cover (death due to any cause),"Rs 436 per year, auto-debited (pro-rata if joined mid-year: Rs 342 Sep-Nov, Rs 228 Dec-Feb, Rs 114 Mar-May)",436,,,18,50,,,,,,False,False,False,False,True,False,true,false,,Savings account holder aged 18-50 who consents to auto-debit; cover renewable yearly up to age 55; one person can join through one account only,No fresh entry after age 50; cover ends at age 55,Sufficient balance on auto-debit date; cover year runs 1 Jun-31 May; dormant account must be reactivated,Aadhaar Card|Nominee Proof,"SBI branch / Banking Mitra form, or YONO SBI > e-Services > Social Security Schemes",Family protection; PMJDY holders,https://jansuraksha.gov.in,Premium Rs 436 unchanged since 1-Jun-2022 (checked Jul 2026),2026-10-05
SCH005,PMSBY,Pradhan Mantri Suraksha Bima Yojana,Insurance,Govt of India (DFS) via SBI,True,200000,"accidental death / full disability (Rs 1,00,000 for partial disability)","Rs 20 per year, auto-debited",20,,,18,70,,,,,,False,False,True,False,True,False,true,false,,Bank account holder aged 18-70 with Aadhaar linked to the account; consents to auto-debit,Cover ends at age 70,Sufficient balance on auto-debit date; renewal each year (join/renew before 1 June),Aadhaar Card|Nominee Proof,"SBI branch / Banking Mitra form, or YONO SBI > e-Services > Social Security Schemes",All adults; manual workers; farmers,https://jansuraksha.gov.in,,2026-10-05
SCH006,APY,Atal Pension Yojana,Pension,PFRDA (NPS) via SBI,True,60000,"max pension per year (Rs 5,000 per month from age 60)","Rs 42 to Rs 1,454 per month depending on entry age (18-40) and chosen pension (Rs 1,000-5,000)",,,,18,40,,,,,>5L,False,False,False,False,True,False,true,false,,Indian citizen aged 18-40 with a savings account; focused on unorganised-sector workers,Income-tax payers are not eligible; pension starts at age 60; contribution period 20-42 years,Monthly auto-debit from account; dormant account must be reactivated,Aadhaar Card|Nominee Proof|Bank Passbook,SBI branch / Banking Mitra / YONO SBI,Young earners; unorganised workers,https://www.pfrda.org.in,Income-tax exclusion is proxied in data by annual_income_band = '>5L'; contribution range per official chart,2026-10-05
SCH007,PM-KISAN,PM Kisan Samman Nidhi (DBT to SBI account),Income Support,Govt of India (Agriculture) - credited to SBI account,True,6000,"income support per year (3 x Rs 2,000)",Nil,0,,,,,,,,Farmer,,True,False,True,False,False,False,false,false,,Landholding farmer families with cultivable land in their name; Aadhaar-seeded bank account; e-KYC mandatory,"Institutional landholders, income-tax payers, constitutional post holders, serving/retired officers and pensioners above Rs 10,000/month, registered professionals","Aadhaar seeding + NPCI DBT mapping, e-KYC (OTP / biometric at CSC / face auth), verified land records",Aadhaar Card|Land Record / KCC|Bank Passbook,Register at pmkisan.gov.in / CSC / state nodal officer; SBI Banking Mitra can help with Aadhaar seeding,Farmer,https://pmkisan.gov.in,Not an SBI-originated scheme - SBI's role is account and DBT readiness; 23rd instalment released 20-Jun-2026,2026-10-05
SCH008,SSY,Sukanya Samriddhi Yojana,Savings,Govt of India (Small Savings) via SBI,True,,"tax-advantaged savings for a girl child (deposit 15 years, matures 21 years from opening)","Min Rs 250 per year, max Rs 1,50,000 per year",,8.2,Oct-Dec 2026,18,,,,,,,False,True,False,False,False,False,false,false,,Natural/legal guardian of a girl child below 10 years; one account per girl child; up to two girls per family (three if twins/triplets),Not available for boys; account opened in the girl child's name,Guardian KYC and girl child birth certificate,Birth Certificate (Girl Child)|Aadhaar Card|Photograph,SBI branch / Banking Mitra,Girl child,https://www.nsiindia.gov.in,Rate revised quarterly by Finance Ministry - 8.2% for Oct-Dec 2026,2026-10-05
SCH009,SBI-KCC,SBI Kisan Credit Card,Credit,SBI (Govt interest subvention - MISS),True,500000,"crop loan limit (max); interest subvention applies on up to Rs 3,00,000",7% p.a. up to Rs 3 lakh; effective 4% with prompt repayment under MISS,,,,18,75,,,,Farmer,,False,False,False,False,False,True,false,false,,"Owner cultivators, tenant farmers, sharecroppers and allied-activity farmers (animal husbandry, fisheries); collateral-free up to Rs 2,00,000",Subvention limited to short-term loans up to Rs 3 lakh per farmer,Land / tenancy records; full KYC,Aadhaar Card|PAN Card|Land Record / KCC|Photograph|Bank Passbook,SBI branch / Banking Mitra,Farmer,https://rbi.org.in/Scripts/BS_CircularIndexDisplay.aspx?Id=13270,MISS confirmed for FY2025-26; check FY2026-27 continuation and age bounds with SBI/RBI circular,2026-10-05
SCH010,PMMY-SHISHU,"PM Mudra Yojana - Shishu (up to Rs 50,000)",Credit,Govt of India (MUDRA) via SBI,True,50000,loan limit (Shishu),Collateral-free; interest rate set by lender,,,,18,,,,,Small Shopkeeper|Self-Employed,,False,False,False,False,False,True,false,false,,"Non-farm micro-enterprise or business activity (trading, services, manufacturing) needing up to Rs 50,000","Farm activities (use KCC); loans above Rs 50,000 fall under Kishor/Tarun",Business activity proof where available; full KYC,Aadhaar Card|PAN Card|Bank Passbook|Photograph|Business Proof,SBI branch / Banking Mitra / udyamimitra portal,Small shopkeeper; self-employed,https://www.mudra.org.in,,2026-10-05
SCH011,PMMY-KISHOR-TARUN,PM Mudra Yojana - Kishor / Tarun / Tarun Plus,Credit,Govt of India (MUDRA) via SBI,False,2000000,max loan limit (Tarun Plus; only after repaying a Tarun loan),Collateral-free up to Rs 20 lakh; interest rate set by lender,,,,18,,,,,Small Shopkeeper|Self-Employed,,False,False,False,False,False,True,false,false,,"Kishor Rs 50,001-5 lakh; Tarun Rs 5-10 lakh; Tarun Plus Rs 10-20 lakh for borrowers who repaid an earlier Tarun loan",Needs credit assessment and business track record,Business/income proof; credit history,Aadhaar Card|PAN Card|Bank Passbook|Income Proof|Business Proof,SBI branch,Established small business,https://www.mudra.org.in,use_in_auto_match=false - needs human credit assessment,2026-10-05
SCH012,SBI-HGL,SBI Har Ghar Lakhpati Recurring Deposit,Savings,SBI,false,100000,target maturity corpus (Rs 1 lakh or more),"Pre-calculated monthly instalment; indicative Rs 2,500 (3 yrs) or Rs 1,407 (5 yrs) for Rs 1 lakh at launch rates",,,,18,,,,,,,False,False,False,False,False,True,false,false,,"All resident individuals (single or joint); minors above 10 can open alone, else via guardian; tenure 3-10 years",Premature closure attracts 0.50% / 1% interest penalty,Regular monthly deposit capacity; full KYC; nomination,Aadhaar Card|PAN Card|Photograph|Nominee Proof,SBI branch / YONO SBI,Regular-credit customers; reactivated accounts,https://www.sbi.co.in/web/personal-banking/investments-deposits/deposits/har-ghar-lakhpati,"Instalment amounts depend on prevailing deposit rates - check SBI's current table | use_in_auto_match=false: general deposit product open to all adults, not eligibility-gated; cross-sell after reactivation",2026-10-05
SCH013,PPF,Public Provident Fund (at SBI),Savings,Govt of India (Small Savings) via SBI,false,,15-year tax-advantaged savings,"Min Rs 500 per year, max Rs 1,50,000 per year",,7.1,Oct-Dec 2026,18,,,,,,,False,False,False,False,False,True,false,false,,Resident individual; one account per person; minors via guardian,Not for NRIs opening afresh,Full KYC; nomination,Aadhaar Card|PAN Card|Photograph|Nominee Proof,SBI branch / YONO SBI,Salaried; higher-income savers,https://www.nsiindia.gov.in,"Rate revised quarterly - 7.1% for Oct-Dec 2026 | use_in_auto_match=false: general deposit product open to all adults, not eligibility-gated; cross-sell after reactivation",2026-10-05
SCH014,SCSS,Senior Citizens Savings Scheme (at SBI),Savings,Govt of India (Small Savings) via SBI,True,,"5-year fixed-income deposit for seniors (max deposit Rs 30,00,000)","Min Rs 1,000; max Rs 30,00,000",,8.2,Oct-Dec 2026,60,,,,,,,False,False,False,False,False,True,false,false,,Resident individual aged 60+ (55-60 on retirement; 50-60 for defence retirees),"Early-retirement categories (55-60, defence 50-60) not modelled in min_age",Age proof; full KYC; nomination,Age Proof|Aadhaar Card|PAN Card|Photograph|Nominee Proof,SBI branch,Senior / Pensioner,https://www.nsiindia.gov.in,Rate 8.2% for Oct-Dec 2026; confirm Rs 30 lakh cap and early-retirement rules,2026-10-05
SCH015,PM-SVANIDHI,PM SVANidhi - Street Vendor Working Capital Loan,Credit,Govt of India (MoHUA) via SBI,true,50000,"max loan (3rd tranche); tranches Rs 15,000 / 25,000 / 50,000","Collateral-free; 7% p.a. interest subsidy for regular repayment; UPI-linked RuPay credit card up to Rs 30,000 after 2nd tranche",,,,18,,,,,Small Shopkeeper,,false,false,false,false,false,true,false,false,,"Street vendors vending in urban local bodies, census towns and peri-urban areas, with vending certificate / ID card or Letter of Recommendation (LoR)",Next tranche only after full repayment of the previous one; defaulted/NPA borrowers not considered,Vendor ID / LoR via PM SVANidhi portal; digital transactions earn cashback,Aadhaar Card|Bank Passbook|Photograph|Vendor ID / LoR,"PM SVANidhi portal / app, ULB or SBI branch",Street vendor; small trader,https://pmsvanidhi.mohua.gov.in,Lending window extended to 31-Mar-2030 (restructured Aug 2025). Data has no 'street vendor' flag - occupation 'Small Shopkeeper' is an indicative proxy,2026-10-05
SCH016,PM-VISHWAKARMA,"PM Vishwakarma - Artisan Credit, Toolkit and Training",Credit,Govt of India (MSME) via SBI,false,300000,collateral-free enterprise loan in 2 tranches (Rs 1 lakh + Rs 2 lakh) at 5%,"5% p.a. to beneficiary (up to 8% govt subvention); Rs 15,000 toolkit grant; Rs 500/day training stipend",,,,18,,,,,Self-Employed|Daily Wage Worker,,false,false,false,false,false,true,false,false,,Traditional artisans / craftspeople aged 18+ working with hands and tools in one of the 18 notified trades in the unorganised sector,"Not if a similar credit-based govt self-employment loan (PMEGP, PM SVANidhi, Mudra) was availed in the last 5 years; one person per family","PM Vishwakarma registration with biometric e-KYC and trade verification (gram panchayat / ULB), Vishwakarma certificate",Aadhaar Card|Bank Passbook|Photograph|Trade Proof,"PM Vishwakarma portal / CSC, then loan through SBI branch","Artisan; carpenter, tailor, potter, barber, blacksmith etc.",https://pmvishwakarma.gov.in,use_in_auto_match=false: the 18-trade list is not in the dataset. Scheme period FY2023-24 to FY2027-28,2026-10-05
SCH017,PMEGP,Prime Minister's Employment Generation Programme (PMEGP),Credit,Govt of India (MSME / KVIC) via SBI,false,2000000,max project cost for service/business unit (Rs 50 lakh for manufacturing),Margin-money subsidy 15-35% of project cost; own contribution 10% (general) or 5% (special category),,,,18,,,,,,,false,false,false,false,false,true,false,false,,Any individual aged 18+ setting up a NEW manufacturing or service/business unit; Class VIII pass needed for projects above Rs 10 lakh (manufacturing) / Rs 5 lakh (service),Existing units and units that already took a govt subsidy are not eligible; land cost excluded from project cost,Detailed project report via PMEGP e-portal; one person per family,Aadhaar Card|PAN Card|Bank Passbook|Photograph|Project Report,PMEGP e-portal (kviconline.gov.in) then bank loan,Aspiring first-time entrepreneur,https://www.kviconline.gov.in/pmegpeportal,"use_in_auto_match=false: needs a project proposal. Subsidy 15% urban / 25% rural (general), 25% / 35% (special category)",2026-10-05
SCH018,STANDUP-INDIA,Stand-Up India (SC/ST and Women Entrepreneurs),Credit,Govt of India (Finance) via SBI,false,10000000,max composite loan (min Rs 10 lakh),Margin 15% (min 10% own contribution); interest per SBI EBLR-linked rate card,,,,18,,F,,,,,false,false,false,false,false,true,false,false,,"SC/ST and/or women entrepreneurs aged 18+ setting up a greenfield enterprise in manufacturing, services, trading or agri-allied activity",Greenfield (first-time) projects only; men eligible only if SC/ST,Project report; caste certificate where applicable,Aadhaar Card|PAN Card|Bank Passbook|Photograph|Project Report|Business Proof,Stand-Up Mitra portal or SBI branch,Women entrepreneurs,https://www.standupmitra.in,use_in_auto_match=false: caste data not in dataset (women path only). SBI page notes scheme was extended up to FY2025 - confirm it is still open,2026-10-05
SCH019,PMFBY,Pradhan Mantri Fasal Bima Yojana (Crop Insurance),Insurance,Govt of India (Agriculture) via SBI / insurers,true,,crop insurance sum insured (varies by crop and district),"Farmer premium: 2% of sum insured (kharif), 1.5% (rabi), 5% (annual commercial / horticulture); rest subsidised",,,,18,,,,,Farmer,,true,false,true,false,false,false,false,false,,"Farmers (owners, sharecroppers, tenants) growing notified crops in notified areas; enrolment voluntary for all farmers since Kharif 2020",Un-notified crops/areas; losses from preventable causes,Enrol before the season cut-off; Aadhaar mandatory; sowing declaration,Aadhaar Card|Land Record / KCC|Bank Passbook,"SBI branch / Banking Mitra, CSC, or pmfby.gov.in",Farmer,https://pmfby.gov.in,Revised PMFBY from Kharif 2026; Kharif 2026 cut-off was around 15-Aug in most states; Rabi usually Oct-Nov - check state notification,2026-10-05
SCH020,NPS,National Pension System - Tier I (at SBI),Pension,PFRDA via SBI (Point of Presence),false,,market-linked retirement corpus (80C / 80CCD(1B) tax benefits),"Min Rs 500 to open, min Rs 1,000 per year (min Rs 500 per contribution); 0.50% charge on contribution (max Rs 25,000)",1000,,,18,70,,,,,,false,false,true,false,false,true,true,false,,Indian citizens aged 18-70,Exit/withdrawal rules apply until age 60,Full KYC with Aadhaar; nominee details,Aadhaar Card|PAN Card|Photograph|Nominee Proof,SBI branch / YONO SBI / Online SBI,Salaried; self-employed,https://www.pfrda.org.in,use_in_auto_match=false: general product open to all adults (not eligibility-gated),2026-10-05
SCH021,NPS-VATSALYA,NPS Vatsalya (pension account for minors),Pension,PFRDA via SBI branch,true,,long-term savings for a child; auto-converts to NPS Tier I at 18,"Min Rs 1,000 to open and Rs 1,000 per year; no maximum",1000,,,18,,,,,,,false,true,false,false,false,true,true,false,,Parent or legal guardian of a minor Indian citizen (below 18),Account is in the minor's name and operated by the guardian; partial withdrawal limits apply before 18,Child birth/age proof; guardian KYC; fresh KYC of the child within 3 months of turning 18,Birth Certificate (Girl Child)|Aadhaar Card|PAN Card|Photograph|Nominee Proof,Nearest SBI branch (per SBI page) / eNPS,Girl child; parents,https://www.pfrda.org.in/web/pfrda/schemes/national-pension-system/nps-vatsalya,"Dataset only records a girl child under 10, so the match is a proxy - boys and older minors are not captured",2026-10-05
SCH022,SBI-WECARE,SBI WeCare Senior Citizen Term Deposit,Savings,SBI,true,,term deposit with extra interest for senior citizens,Extra 0.50% p.a. over the regular rate (card rate varies),,,,60,,,,,,,false,false,false,false,false,true,true,false,,Resident senior citizens aged 60+ placing a qualifying long-tenure term deposit,Premature withdrawal penalty applies; scheme validity is extended in windows,Full KYC; nomination,Age Proof|Aadhaar Card|PAN Card|Photograph|Nominee Proof,SBI branch / YONO SBI,Senior / Pensioner,https://sbi.bank.in/web/personal-banking/investments-deposits/deposits,Check current validity window and minimum tenure on SBI's rate page - WeCare has been extended repeatedly,2026-10-05
SCH023,SBI-PATRONS,SBI Patrons Term Deposit (Super Senior Citizens),Savings,SBI,true,,term deposit with extra interest for customers aged 80+,Additional interest over senior-citizen rate (card rate varies),,,,80,,,,,,,false,false,false,false,false,true,true,false,,Resident super senior citizens aged 80+,Premature withdrawal penalty applies,Full KYC; nomination,Age Proof|Aadhaar Card|PAN Card|Photograph|Nominee Proof,SBI branch / YONO SBI,Super senior,https://sbi.bank.in/web/personal-banking/investments-deposits/deposits,Exact extra-interest margin and tenure not confirmed - see SBI rate card,2026-10-05
SCH024,SBI-AMRIT-VRISHTI,SBI Amrit Vrishti 444-Day Term Deposit,Savings,SBI,false,,special 444-day retail term deposit,Card rate for 444 days (check current rate),,,,18,,,,,,,false,false,false,false,false,true,false,false,,Domestic and NRI rupee deposits below Rs 3 crore; new and renewal deposits,Premature withdrawal penalty applies,Full KYC,Aadhaar Card|PAN Card|Photograph,SBI branch / YONO SBI,Savers with idle balance,https://sbi.bank.in/web/personal-banking/investments-deposits/deposits,use_in_auto_match=false: general deposit product; special-tenure schemes are launched and withdrawn - confirm it is open,2026-10-05
SCH025,SBI-TAX-SAVER-FD,SBI Tax Saving Term Deposit (Section 80C),Savings,SBI,false,150000,max deduction under Section 80C (old tax regime),Lock-in 5 years; no premature withdrawal or loan against it,,,,18,,,,,,,false,false,false,false,false,true,false,false,,Resident individuals and HUFs; deposit up to Rs 1.5 lakh per year qualifies for 80C,Not for NRIs; 5-year lock-in,Full KYC; PAN for tax benefit,Aadhaar Card|PAN Card|Photograph,SBI branch / YONO SBI,Taxpayers,https://sbi.bank.in/web/personal-banking/investments-deposits/deposits,use_in_auto_match=false: benefit only for taxpayers under the old regime,2026-10-05
SCH026,SBI-GREEN-RUPEE-TD,SBI Green Rupee Term Deposit,Savings,SBI,false,,term deposit whose funds finance green projects,Card rate per tenure (check current rate),,,,18,,,,,,,false,false,false,false,false,true,false,false,,"Resident individuals, HUFs, trusts, and other eligible depositors",Premature withdrawal penalty applies,Full KYC,Aadhaar Card|PAN Card|Photograph,SBI branch / YONO SBI,Climate-conscious savers,https://sbi.bank.in/web/personal-banking/investments-deposits/deposits,use_in_auto_match=false: general deposit product,2026-10-05
SCH027,SBI-GOLD-LOAN,SBI Personal Gold Loan,Credit,SBI,false,5000000,"max loan (min Rs 20,000)","Processing fee 0.50% + GST (subject to min/max, lower for small tickets); interest rate per SBI card rate",,,,18,,,,,,,false,false,false,false,false,true,false,false,,Individuals aged 18+ with a steady source of income pledging gold jewellery or bank-minted gold coins (max 50 g); up to 3 gold loans within the Rs 50 lakh ceiling,Loan amount depends on gold purity (18-22 carat) and net weight,Savings account with KYC where the loan is credited; gold must be valued and pledged at the branch,Aadhaar Card|PAN Card|Photograph|Bank Passbook,SBI branch / YONO SBI,Rural households; farmers needing short-term credit,https://sbi.bank.in/web/personal-banking/loans/gold-loan/personal-gold-loans,use_in_auto_match=false: gold ownership is not in the dataset; tenure up to 36 months (12 months for bullet repayment),2026-10-05
